{
  "project_info": {
    "project_number": "890254451448",
    "firebase_url": "https://iot-fire-detection-3d249-default-rtdb.firebaseio.com",
    "project_id": "iot-fire-detection-3d249",
    "storage_bucket": "iot-fire-detection-3d249.appspot.com"
  },
  "client": [
    {
      "client_info": {
        "mobilesdk_app_id": "1:890254451448:android:ce7fde00a7c1fb5fef110d",
        "android_client_info": {
          "package_name": "com.example.fypproject"
        }
      },
      "oauth_client": [],
      "api_key": [
        {
          "current_key": "AIzaSyAgBLOiHY6OtbMB0VxnOpfNcmXpvxwzIFY"
        }
      ],
      "services": {
        "appinvite_service": {
          "other_platform_oauth_client": []
        }
      }
    }
  ],
  "configuration_version": "1"
}